id;isbn;name;publish_year;copies;cover;cover_content_type
1;Handmade Cott;Mayotte Dynamic SAS;digital forecast Bahrain;98206;../fake-data/blob/hipster.png;image/png
2;Developer com;synthesizing Director Concrete;Sleek Rubber Mouse generate;58450;../fake-data/blob/hipster.png;image/png
3;Sudan connect;Accountability;Texas auxiliary;99140;../fake-data/blob/hipster.png;image/png
4;Cotton Repres;Bedfordshire calculating Toys;connecting;3543;../fake-data/blob/hipster.png;image/png
5;SoftX;FTP Points;violet Generic;19909;../fake-data/blob/hipster.png;image/png
6;Mouse bus HTT;wireless Consultant XML;Developer orchestrate;73120;../fake-data/blob/hipster.png;image/png
7;Port turn-key;panel;transmitting grow;8529;../fake-data/blob/hipster.png;image/png
8;relationships;Coordinator backing up Ports;syndicate;88395;../fake-data/blob/hipster.png;image/png
10;Chicken indig;Personal Loan Account;hard drive SQL Personal Loan Account;31753;../fake-data/blob/hipster.png;image/png
